{
    "pools": [
        {
            "rolls": 1,
            "entries": [
                {
                    "type": "item",
                    "weight": 49,
                    "name": "minecraft:enchanted_book",
                    "functions": [
                        {
                            "function": "enchant_randomly",
                            "enchantments": [
                                "protection",
                                "fire_protection",
                                "feather_falling",
                                "blast_protection",
                                "projectile_protection",
                                "respiration",
                                "aqua_affinity",
                                "thorns",
                                "depth_strider",
                                "frost_walker",
                                "sharpness",
                                "smite",
                                "bane_of_arthropods",
                                "knockback",
                                "fire_aspect",
                                "looting",
                                "efficiency",
                                "silk_touch",
                                "unbreaking",
                                "fortune",
                                "power",
                                "punch",
                                "flame",
                                "infinity",
                                "luck_of_the_sea",
                                "lure",
                                "mending",
                                "binding_curse",
                                "vanishing_curse"
                            ]
                        }
                    ]
                },
                {
                    "type": "empty",
                    "weight": 50
                },
                {
                    "type": "item",
                    "weight": 1,
                    "name": "minecraft:netherite_scrap"
                }
            ]
        },
        {
            "rolls": 1,
            "entries": [
                {
                    "type": "item",
                    "weight": 1,
                    "name": "minecraft:quartz",
                    "functions": [
                        {
                            "function": "set_nbt",
                            "tag": "{display:{Name:'{\"text\":\"Elite crystal\",\"color\":\"dark_purple\",\"bold\":true}'},Enchantments:[{}],Ecrystal:1b}"
                        }
                    ]
                },
                {
                    "type": "empty",
                    "weight": 95
                }
            ]
        }
    ]
}