{
    "pools": [
      {
        "rolls": 1,
        "entries": [
          {
            "type": "minecraft:item",
            "name": "minecraft:netherite_scrap",
            "functions": [
              {
                "function": "minecraft:set_nbt",
                "tag": "{display:{Name:'{\"text\":\"Wither relic\",\"color\":\"dark_gray\",\"bold\":true}',Lore:['{\"text\":\"Sneak midair to double jump!\"}']},Wrel:1b,Enchantments:[{}]}"
              }
            ]
          }
        ]
      }
    ]
  }