{
    "pools": [
      {
        "rolls": 1,
        "entries": [
          {
            "type": "minecraft:item",
            "name": "minecraft:iron_ingot",
            "functions": [
              {
                "function": "minecraft:set_nbt",
                "tag": "{display:{Name:'{\"text\":\"Iron of the defender\",\"color\":\"#BEBEBE\",\"bold\":true}',Lore:['{\"text\":\"The talisman help the wielder survive\"}']},Edef:1b,Enchantments:[{}]}"
              }
            ]
          }
        ]
      }
    ]
  }