{
    "pools": [
      {
        "rolls": 1,
        "entries": [
          {
            "type": "minecraft:item",
            "name": "minecraft:coal",
            "functions": [
              {
                "function": "minecraft:set_nbt",
                "tag": "{display:{Name:'{\"text\":\"Coal of inferno\",\"color\":\"#FF7700\",\"bold\":true}',Lore:['{\"text\":\"The talisman gives imunity to fire and and lava\"}']},Efire:1b,Enchantments:[{}]}"
              }
            ]
          }
        ]
      }
    ]
  }