{
    "pools": [
      {
        "rolls": 1,
        "entries": [
          {
            "type": "minecraft:item",
            "name": "minecraft:gold_ingot",
            "functions": [
              {
                "function": "minecraft:set_nbt",
                "tag": "{display:{Name:'{\"text\":\"Gold of war\",\"color\":\"#E75480\",\"bold\":true}',Lore:['{\"text\":\"The talisman gives strength to the wielder\"}']},Ewar:1b,Enchantments:[{}]}"
              }
            ]
          }
        ]
      }
    ]
  }