{
  "pools": [
      {
          "rolls": 1,
          "entries": [
              {
                  "type": "item",
                  "weight": 1,
                  "name": "minecraft:quartz",
                  "conditions": [
                      {
                          "condition": "random_chance_with_looting",
                          "chance": 0.06,
                          "looting_multiplier": 0.05
                      },
                      {
                        "condition": "killed_by_player"
                      }
                  ],
                  "functions": [
                      {
                          "function": "set_nbt",
                          "tag": "{display:{Name:'{\"text\":\"Elite crystal\",\"color\":\"dark_purple\",\"bold\":true}'},Enchantments:[{}],Ecrystal:1b}"
                      }
                  ]
              }
          ]
      }
  ]
}